woord,frequency
the,433
to,276
and,248
of,226
you,218
i,200
in,127
your,116
for,114
is,106
a,106
my,103
that,87
he,82
it,82
with,78
not,77
this,76
hector,75
have,73
his,70
on,65
are,64
who,60
chorus,58
will,58
as,58
but,54
me,47
army,45
our,45
no,43
what,43
their,41
do,39
we,38
them,38
was,38
from,36
all,34
us,34
him,34
odysseus,34
come,32
at,32
be,31
by,30
then,29
they,28
or,27
son,27
now,27
so,27
when,27
night,26
has,26
may,25
shall,25
leader,24
dolon,24
if,23
did,23
horses,22
came,22
land,22
man,21
go,20
am,20
ships,20
one,20
those,19
rhesus,19
diomedes,19
should,18
here,18
thracian,18
were,17
some,17
how,17
troy,17
oh,17
why,16
argive,16
allies,16
had,16
know,16
upon,16
see,16
charioteer,16
spear,15
can,15
too,15
where,14
long,14
fleet,14
before,14
yes,14
would,14
great,14
city,14
out,14
slay,14
day,14
must,13
tell,13
say,13
hand,13
such,13
friends,13
god,13
her,13
yet,13
o,13
men,12
,12
up,12
there,12
does,12
away,12
nor,12
against,12
spy,12
set,11
watch,11
near,11
many,11
enemy,11
let,11
whom,11
slain,11
its,10
friend,10
fear,10
never,10
aeneas,10
foe,10
well,10
among,10
while,10
than,10
over,10
help,10
dead,10
athena,10
prince,9
these,9
good,9
take,9
arms,9
made,9
an,9
way,9
other,9
after,9
hands,9
achaeans,9
find,9
face,9
death,9
die,9
woe,9
couch,8
guard,8
head,8
time,8
bring,8
make,8
mine,8
without,8
lord,8
perhaps,8
country,8
house,8
deed,8
home,8
about,8
messenger,8
coming,8
paris,8
hectors,7
troops,7
phrygian,7
through,7
dawn,7
very,7
give,7
done,7
sleep,7
any,7
off,7
once,7
cannot,7
toil,7
ilium,7
aid,7
left,7
heard,7
zeus,7
muse,7
tidings,6
password,6
camp,6
nothing,6
words,6
might,6
sent,6
back,6
sure,6
look,6
sword,6
into,6
bold,6
again,6
fathers,6
fair,6
ask,6
keep,6
gods,6
achilles,6
gave,6
heart,6
child,6
went,6
whose,6
master,6
alone,6
enough,6
lay,6
thrace,6
ranks,6
mother,6
found,6
muses,6
gone,6
trojan,5
which,5
tent,5
arm,5
beneath,5
rouse,5
armor,5
company,5
mean,5
been,5
blame,5
ah,5
fortune,5
light,5
achaean,5
leave,5
word,5
learn,5
shameful,5
comes,5
think,5
foes,5
counsel,5
hear,5
peleus,5
send,5
fall,5
mind,5
station,5
since,5
side,5
every,5
return,5
gold,5
life,5
seems,5
need,5
hellas,5
chariot,5
sea,5
strymon,5
though,5
argives,5
right,5
river,5
more,5
barbarian,5
most,5
fate,5
awake,4
receive,4
warriors,4
eye,4
speak,4
sentinels,4
midnight,4
ambush,4
own,4
forth,4
wild,4
plain,4
fires,4
whole,4
eager,4
luck,4
others,4
darkness,4
till,4
ever,4
tale,4
news,4
hold,4
foot,4
going,4
fly,4
even,4
battle,4
yours,4
deep,4
next,4
really,4
catch,4
enemys,4
front,4
present,4
call,4
myself,4
name,4
indeed,4
fitting,4
within,4
told,4
course,4
place,4
task,4
two,4
walls,4
turn,4
sons,4
father,4
tongue,4
like,4
could,4
either,4
safe,4
already,4
brave,4
always,4
neither,4
ready,4
said,4
phoebus,4
afraid,4
gloom,4
sorrow,4
spies,4
honor,4
bringing,4
saw,4
dark,4
wound,4
sisters,4
enter,3
ought,3
calls,3
courage,3
nights,3
clad,3
torches,3
anchored,3
orders,3
hereafter,3
full,3
terror,3
pleases,3
blood,3
stroke,3
wise,3
await,3
delay,3
pass,3
slumber,3
aboard,3
bound,3
hasten,3
clearly,3
flying,3
theres,3
suffer,3
proof,3
lighting,3
gives,3
escape,3
same,3
nature,3
knowledge,3
gift,3
across,3
beware,3
lest,3
reach,3
believe,3
fire,3
favor,3
plot,3
fully,3
whenever,3
point,3
learned,3
true,3
reward,3
daughter,3
priam,3
wish,3
beyond,3
prize,3
brought,3
alive,3
spoils,3
ones,3
bear,3
thank,3
tydeus,3
old,3
mount,3
drawn,3
hearts,3
phrygia,3
only,3
scorn,3
low,3
often,3
carry,3
flocks,3
countless,3
join,3
ally,3
caught,3
mounted,3
stand,3
easy,3
share,3
driving,3
blast,3
kept,3
late,3
utter,3
dear,3
soul,3
tuneful,3
hail,3
hark,3
strymons,3
camped,3
hard,3
high,3
another,3
just,3
war,3
bloody,3
slaughter,3
pay,3
lance,3
sailed,3
quarters,3
array,3
roused,3
she,3
voice,3
piteous,3
eyes,3
hidden,3
swords,3
care,3
asleep,3
because,3
far,3
lies,3
clever,3
thieves,3
strike,3
sight,3
living,3
rest,3
soil,3
king,3
mans,3
died,3
down,3
met,3
grief,3
shame,3
wounded,3
curses,3
mourn,3
guards,2
tend,2
fresh,2
during,2
lift,2
fierce,2
repose,2
quit,2
lowly,2
scattered,2
haste,2
post,2
unless,2
sleeping,2
wield,2
victims,2
lightarmed,2
archers,2
smitten,2
bright,2
suspicious,2
happen,2
cause,2
although,2
signalling,2
prey,2
end,2
heavens,2
persuaded,2
wait,2
counsels,2
heroes,2
cease,2
ship,2
fast,2
certain,2
whether,2
reason,2
kindle,2
defeat,2
rout,2
disturb,2
yourself,2
secret,2
stratagem,2
kindling,2
blazing,2
stop,2
sage,2
mortals,2
each,2
special,2
appointed,2
lead,2
calm,2
still,2
onset,2
palisades,2
bridges,2
engage,2
harry,2
under,2
weariness,2
whoever,2
discover,2
change,2
love,2
approach,2
naval,2
finds,2
hearing,2
council,2
disturbed,2
report,2
case,2
starting,2
stay,2
safety,2
steadfast,2
says,2
serve,2
risk,2
doubly,2
double,2
dispute,2
except,2
sovereignty,2
marry,2
become,2
brotherinlaw,2
youll,2
anything,2
captains,2
menelaus,2
dice,2
clash,2
broke,2
urged,2
team,2
assert,2
things,2
happy,2
justice,2
steps,2
brutes,2
gaping,2
round,2
spot,2
feet,2
decided,2
bloodstained,2
haunt,2
apollo,2
appear,2
save,2
days,2
achaeas,2
few,2
sunlight,2
dies,2
labors,2
battles,2
beds,2
ground,2
evil,2
masters,2
rustic,2
palace,2
none,2
spears,2
speech,2
track,2
idle,2
along,2
ida,2
tide,2
loud,2
sound,2
called,2
yoke,2
shield,2
goddess,2
ringing,2
note,2
garb,2
toils,2
ares,2
state,2
friendship,2
took,2
welcome,2
gratitude,2
mere,2
gilded,2
nemesis,2
lo,2
swirling,2
address,2
praise,2
strand,2
service,2
stalwart,2
frame,2
rejoice,2
towers,2
shared,2
hostile,2
brother,2
raised,2
fell,2
chieftains,2
around,2
people,2
step,2
tie,2
kin,2
sun,2
charge,2
cut,2
anguish,2
absence,2
borders,2
march,2
children,2
paeonian,2
cloak,2
fray,2
sack,2
arrival,2
joy,2
argos,2
aias,2
due,2
ill,2
curse,2
feel,2
towards,2
chiefs,2
surely,2
angry,2
part,2
wrought,2
vagrant,2
loudly,2
meet,2
fellow,2
gates,2
advance,2
approaching,2
heralds,2
first,2
lycians,2
fifth,2
lot,2
simois,2
slew,2
exit,2
harness,2
victory,2
speed,2
heads,2
harm,2
grant,2
stationed,2
close,2
given,2
else,2
world,2
vague,2
rumor,2
cypris,2
recognize,2
laertes,2
bid,2
chief,2
everyone,2
declare,2
somewhere,2
strange,2
conduct,2
work,2
crafty,2
perished,2
suspect,2
cruel,2
someone,2
deeds,2
calamity,2
destruction,2
glory,2
ourselves,2
thought,2
slept,2
reared,2
drive,2
stream,2
murdered,2
struck,2
felt,2
having,2
penalty,2
quest,2
bury,2
murderers,2
carried,2
bereft,2
burial,2
nine,2
native,2
earnest,2
childless,2
thamyris,2
pangaeus,2
reviled,2
nymphs,2
fairly,2
torch,2
orpheus,2
squires,1
armorclad,1
assembled,1
fourth,1
prop,1
unseal,1
leaves,1
hearken,1
tumultuous,1
desert,1
aware,1
seek,1
stir,1
despatch,1
bridle,1
panthus,1
europas,1
captain,1
lycian,1
band,1
inspect,1
leaders,1
string,1
horntipped,1
bows,1
inspire,1
confidence,1
plainly,1
pan,1
cronion,1
leaving,1
noisy,1
summons,1
statement,1
kindled,1
shines,1
agamemnons,1
move,1
clamorously,1
seafaring,1
alarmed,1
season,1
bent,1
giving,1
slip,1
stealing,1
rob,1
hour,1
triumph,1
lion,1
line,1
suns,1
lamp,1
withheld,1
stayed,1
victors,1
fired,1
drenching,1
attack,1
advantage,1
heaven,1
seers,1
pat,1
soothsayers,1
turns,1
runaways,1
leaps,1
sprinkle,1
ladders,1
cords,1
fields,1
happening,1
blaze,1
achieved,1
remains,1
simple,1
conclave,1
encase,1
tomorrow,1
brands,1
decks,1
homes,1
gird,1
leap,1
heavy,1
cowardly,1
injuries,1
dowered,1
universal,1
anothers,1
excited,1
ditches,1
crossing,1
yawning,1
trench,1
supposing,1
awaiting,1
charioteers,1
cross,1
dashing,1
axles,1
cars,1
pieces,1
victorious,1
allow,1
cast,1
firebrand,1
tower,1
rather,1
calmly,1
advise,1
volunteer,1
preparing,1
arise,1
trap,1
designs,1
advice,1
adopt,1
hazardous,1
commands,1
generals,1
better,1
swiftfooted,1
prevail,1
flight,1
ear,1
trumpets,1
hauled,1
occasion,1
volunteers,1
patriot,1
gladly,1
run,1
undertake,1
conditions,1
countrys,1
famed,1
pains,1
wages,1
breeds,1
wage,1
covet,1
toilsome,1
claim,1
lack,1
sustenance,1
desire,1
stores,1
promise,1
conquer,1
oileus,1
worthless,1
farming,1
ransom,1
stored,1
choose,1
spoil,1
nail,1
temples,1
greater,1
worth,1
stakes,1
fortunes,1
desires,1
immortal,1
born,1
immortals,1
headlong,1
poseidon,1
ocean,1
runs,1
legend,1
break,1
possession,1
receiving,1
taking,1
fairer,1
bravery,1
envious,1
gladden,1
kingship,1
enterprise,1
design,1
succeed,1
fame,1
win,1
thing,1
princes,1
decrees,1
clothe,1
attire,1
dress,1
assume,1
fits,1
furtive,1
wisdom,1
equipment,1
fasten,1
wolfskin,1
put,1
jaws,1
forefeet,1
ny,1
hindfeet,1
legs,1
allfours,1
imitation,1
wolfs,1
gait,1
puzzle,1
trenches,1
barriers,1
rut,1
deserted,1
walk,1
ruse,1
hermes,1
maias,1
escort,1
safely,1
tricksters,1
clear,1
handexit,1
thymbra,1
delos,1
temple,1
lycia,1
divine,1
archery,1
guidance,1
dardanians,1
almighty,1
built,1
altars,1
phthias,1
sacked,1
seagod,1
aeacus,1
admire,1
spirit,1
stout,1
surge,1
valiant,1
press,1
mysias,1
earthtreading,1
murderer,1
pretends,1
fourfooted,1
beast,1
agamemnon,1
helens,1
causing,1
lament,1
kinsman,1
thousand,1
bearing,1
afflicted,1
dullness,1
probably,1
illsuited,1
sheep,1
throne,1
prospered,1
dull,1
herdsmen,1
less,1
joyful,1
sheepfold,1
fares,1
fight,1
chieftain,1
setting,1
lighten,1
half,1
idas,1
meadows,1
wandering,1
broad,1
wagon,1
guess,1
invasion,1
plains,1
packed,1
foemens,1
frightened,1
shepherds,1
dwell,1
slopes,1
earliest,1
settlement,1
wood,1
beasts,1
surged,1
shouts,1
amazement,1
drove,1
unto,1
heights,1
plunder,1
steading,1
voices,1
greek,1
ceased,1
alarm,1
questioned,1
reconnoitring,1
road,1
wished,1
stood,1
linked,1
necks,1
brighter,1
snow,1
shoulders,1
flashed,1
figures,1
welded,1
gorgon,1
bronze,1
aegis,1
bell,1
number,1
reckon,1
exact,1
sum,1
comprehension,1
knights,1
targeteers,1
crowd,1
arrayed,1
troys,1
assistance,1
tries,1
meets,1
citizens,1
glides,1
flow,1
successful,1
goal,1
smiles,1
warring,1
rending,1
sails,1
tempestuous,1
shown,1
bore,1
feast,1
hunters,1
theirs,1
sufficient,1
tomorrows,1
veers,1
loath,1
brings,1
arrived,1
table,1
guest,1
priams,1
forfeit,1
earns,1
hatred,1
appearance,1
panic,1
rightly,1
proper,1
view,1
thanks,1
messengers,1
reportexit,1
check,1
offend,1
advent,1
halls,1
pierian,1
sending,1
begot,1
strong,1
young,1
waters,1
refuge,1
virgin,1
bosom,1
dappled,1
grace,1
deliverer,1
last,1
spend,1
drinking,1
toasts,1
singing,1
loves,1
bewildering,1
winecup,1
sends,1
capacious,1
challenge,1
sparta,1
atreus,1
ilian,1
mighty,1
cub,1
bred,1
ruler,1
golden,1
corslet,1
bells,1
peal,1
proudly,1
shieldhandle,1
colt,1
breathe,1
greet,1
success,1
raze,1
truth,1
ago,1
allowed,1
overthrown,1
want,1
invitation,1
visit,1
herald,1
embassy,1
urgently,1
requiring,1
sumptuous,1
presents,1
pledged,1
hellenes,1
brothers,1
paltry,1
princedom,1
lordship,1
pangaeum,1
paeonias,1
serried,1
enslaved,1
trampled,1
laggard,1
distress,1
natural,1
constrains,1
graves,1
heapedup,1
cairn,1
loyalty,1
chariots,1
endure,1
icy,1
parching,1
heat,1
pledging,1
couches,1
draughts,1
frank,1
straight,1
shuffling,1
wrung,1
sorer,1
fumed,1
chafed,1
scythian,1
eve,1
departure,1
reached,1
euxine,1
transport,1
poured,1
scythias,1
drops,1
rain,1
mingled,1
chanced,1
joining,1
standard,1
soon,1
conquered,1
taken,1
hostages,1
yearly,1
tribute,1
sailing,1
seas,1
mouth,1
traversing,1
jeers,1
carousals,1
countrymen,1
hint,1
soft,1
palaces,1
amid,1
frozen,1
hurricanes,1
vex,1
shores,1
learning,1
suffering,1
soldiers,1
wrap,1
tarried,1
ten,1
years,1
accomplished,1
throwing,1
ending,1
havoc,1
vaunting,1
sweet,1
champion,1
throned,1
jealousy,1
resistless,1
formerly,1
braver,1
wonder,1
wreak,1
vengeance,1
gripping,1
deathdealing,1
exploits,1
achieve,1
atone,1
（with,1
submission,1
this）,1
cleared,1
chosen,1
firstfruits,1
waste,1
taste,1
rid,1
restore,1
security,1
sacking,1
pasturelands,1
greatest,1
distant,1
schemes,1
content,1
rule,1
empire,1
wing,1
centre,1
plant,1
marshal,1
ashamed,1
previous,1
firing,1
prows,1
range,1
takes,1
won,1
inferiors,1
wheedling,1
rascal,1
outrage,1
athenas,1
shrine,1
stole,1
image,1
inside,1
battlements,1
beggars,1
warders,1
gate,1
lurking,1
altar,1
thymbrean,1
troubling,1
pest,1
wrestle,1
thinks,1
kill,1
sits,1
stealthy,1
plots,1
mischief,1
impale,1
outlet,1
winged,1
vultures,1
meal,1
pirate,1
templerobber,1
apart,1
remember,1
watchful,1
relieves,1
earlier,1
stars,1
wane,1
seven,1
pleiads,1
sky,1
middle,1
eagle,1
floats,1
yourselves,1
moonlight,1
star,1
mygdon,1
coroebus,1
contingent,1
cilicians,1
mysians,1
sitting,1
nest,1
sings,1
trills,1
plaint,1
nightingale,1
pasturing,1
shrill,1
pipes,1
charms,1
sweetest,1
tired,1
eyelids,1
scout,1
draw,1
fears,1
possible,1
plunged,1
ordained,1
cautiously,1
noise,1
rings,1
ears,1
rattle,1
steel,1
rails,1
perceived,1
clang,1
chains,1
stumble,1
however,1
use,1
bivouac,1
withdrawn,1
elsewhere,1
form,1
hopes,1
dashed,1
whichever,1
preserving,1
strive,1
hateful,1
phrygians,1
spied,1
expect,1
entire,1
agree,1
gnawing,1
fashion,1
survives,1
until,1
aiass,1
utterly,1
destroying,1
razing,1
carrying,1
onslaught,1
wide,1
throatcutting,1
queen,1
wellknown,1
accent,1
marshalled,1
outside,1
white,1
tethered,1
shine,1
plumage,1
swan,1
glorious,1
nowhere,1
folk,1
killing,1
versed,1
tricks,1
wit,1
best,1
wend,1
announce,1
list,1
overreach,1
destiny,1
decreed,1
mission,1
foreordained,1
feigning,1
efforts,1
answer,1
unsound,1
fated,1
victim,1
nearexeunt,1
general,1
draws,1
watches,1
gracious,1
mood,1
warfare,1
concern,1
forget,1
triumphant,1
powerful,1
heavenly,1
singer,1
kind,1
decision,1
conferred,1
highest,1
treasure,1
affords,1
prevailed,1
amlng,1
describe,1
quiet,1
assign,1
sleepingplace,1
persuade,1
free,1
pleasure,1
interests,1
prosperous,1
zeal,1
sheath,1
whetted,1
keen,1
captured,1
saving,1
lives,1
storm,1
bursting,1
goes,1
clutched,1
today,1
villainy,1
halt,1
shout,1
alarms,1
nightexeunt,1
slipped,1
boast,1
daring,1
escaping,1
liken,1
fearless,1
passing,1
thessalian,1
dweller,1
seacoast,1
town,1
locris,1
islands,1
fatherland,1
avow,1
conjecture,1
former,1
acts,1
strength,1
praising,1
weapons,1
robber,1
uses,1
swimming,1
bleary,1
rags,1
tatters,1
menial,1
slunk,1
begging,1
rough,1
dirty,1
spoke,1
bitterly,1
royal,1
atreidae,1
opposed,1
phrygias,1
allege,1
got,1
past,1
hush,1
silent,1
crouch,1
snare,1
dire,1
mishap,1
thracians,1
groaning,1
cursed,1
dulled,1
sufferings,1
ours,1
ball,1
manifest,1
gather,1
befalling,1
lost,1
treacherous,1
blow,1
racks,1
inglorious,1
disaster,1
riddles,1
asserts,1
sorry,1
bad,1
bitterness,1
add,1
dignity,1
foolishly,1
sooner,1
overcome,1
whips,1
hung,1
yokes,1
encamped,1
carelessly,1
threw,1
thoughtful,1
awoke,1
ungrudging,1
measured,1
feed,1
expecting,1
thick,1
roaming,1
crouched,1
fancy,1
used,1
dream,1
wolves,1
backs,1
tails,1
lashed,1
flanks,1
snorted,1
breathed,1
fury,1
nostrils,1
striving,1
unseat,1
riders,1
sprang,1
defend,1
horror,1
scared,1
groans,1
dying,1
warm,1
newshed,1
bespattered,1
beside,1
start,1
unarmed,1
peer,1
grope,1
ribs,1
swordthrust,1
fled,1
clean,1
tortured,1
pain,1
weak,1
object,1
happened,1
surmise,1
thraces,1
hapless,1
enemies,1
himself,1
mischance,1
sympathizes,1
caused,1
spread,1
entered,1
scoff,1
cowardice,1
mark,1
swear,1
scourge,1
headsmans,1
axe,1
awaits,1
consider,1
coward,1
springs,1
vow,1
sleepless,1
guiltless,1
amiss,1
earth,1
mercy,1
threaten,1
try,1
undermine,1
subtle,1
prove,1
coveted,1
gain,1
strongly,1
imposing,1
decent,1
means,1
rights,1
hospitality,1
killed,1
slaughtered,1
passed,1
lines,1
detection,1
sterner,1
farewell,1
briefly,1
bed,1
guiding,1
much,1
settled,1
harsh,1
known,1
beginning,1
longing,1
seize,1
devised,1
little,1
troubled,1
shelter,1
cure,1
hurt,1
repeating,1
story,1
doer,1
fixes,1
complain,1
carefully,1
fault,1
aged,1
councillors,1
restingplace,1
public,1
roadthe,1
mourning,1
planting,1
seeds,1
deity,1
above,1
bears,1
bier,1
newly,1
corpse,1
shudder,1
behold,1
metrojans,1
seen,1
dealt,1
darling,1
mothers,1
strains,1
journey,1
path,1
illfortune,1
spite,1
warnings,1
prayers,1
defiance,1
common,1
bewail,1
oeneus,1
woman,1
lover,1
dearest,1
sake,1
emptying,1
cities,1
wounds,1
philammon,1
inflicted,1
pride,1
undoing,1
rivalry,1
poor,1
crossed,1
rivers,1
streams,1
fruitful,1
brow,1
furnished,1
music,1
trial,1
minstrel,1
skill,1
bard,1
blinded,1
craft,1
birth,1
virginity,1
entrust,1
nurture,1
mortal,1
fountain,1
maiden,1
ruled,1
ranged,1
prowess,1
forbade,1
doom,1
sages,1
embassies,1
doing,1
escaped,1
sister,1
chiefly,1
mysteries,1
processions,1
revealed,1
cousin,1
musaeus,1
holy,1
citizen,1
advanced,1
lore,1
trained,1
vainly,1
plotting,1
murder,1
knew,1
needed,1
seer,1
arts,1
hellene,1
hesitate,1
bidding,1
duty,1
raise,1
tomb,1
burn,1
pyre,1
store,1
fine,1
raiment,1
earths,1
prayer,1
bride,1
nether,1
demeter,1
giver,1
increase,1
release,1
debtor,1
show,1
honors,1
lie,1
cavern,1
veins,1
silver,1
restored,1
deified,1
prophet,1
bacchus,1
dwelt,1
grotto,1
votaries,1
honored,1
lightly,1
seagoddess,1
chant,1
dirge,1
thetis,1
mourns,1
pallas,1
slayer,1
shaft,1
loxias,1
keeps,1
quiver,1
sorrows,1
feels,1
troubles,1
reckons,1
live,1
scheme,1
dawning,1
etrurian,1
trumpet,1
hope,1
trojans,1
beam,1
freedom,1
obedience,1
